{
"queries": [{"text": "airbus subsidies ", "number": "51"}, {"text": "south african sanctions ", "number": "52"}, {"text": "leveraged buyouts ", "number": "53"}, {"text": "satellite launch contracts ", "number": "54"}, {"text": "insider trading ", "number": "55"}, {"text": "prime (lending) rate moves, predictions ", "number": "56"}, {"text": "mci ", "number": "57"}, {"text": "rail strikes ", "number": "58"}, {"text": "weather related fatalities ", "number": "59"}, {"text": "merit-pay vs seniority ", "number": "60"}, {"text": "israeli role iran-contra affair ", "number": "61"}, {"text": "military coups d'etat ", "number": "62"}, {"text": "machine translation ", "number": "63"}, {"text": "hostage-taking ", "number": "64"}, {"text": "information retrieval systems ", "number": "65"}, {"text": "natural language processing ", "number": "66"}, {"text": "politically motivated civil disturbances ", "number": "67"}, {"text": "health hazards fine-diameter fibers ", "number": "68"}, {"text": "attempts revive salt ii treaty ", "number": "69"}, {"text": "surrogate motherhood ", "number": "70"}, {"text": "border incursions ", "number": "71"}, {"text": "demographic shifts us ", "number": "72"}, {"text": "demographic shifts across national boundaries ", "number": "73"}, {"text": "conflicting policy ", "number": "74"}, {"text": "automation ", "number": "75"}, {"text": "us constitution - original intent ", "number": "76"}, {"text": "poaching ", "number": "77"}, {"text": "greenpeace ", "number": "78"}, {"text": "frg political party positions ", "number": "79"}, {"text": "1988 presidential candidates platforms ", "number": "80"}, {"text": "financial crunch televangelists wake ptl ", "number": "81"}, {"text": "genetic engineering ", "number": "82"}, {"text": "measures protect atmosphere ", "number": "83"}, {"text": "alternative/renewable energy plant & equipment installation ", "number": "84"}, {"text": "official corruption ", "number": "85"}, {"text": "bank failures ", "number": "86"}, {"text": "criminal actions against officers failed ", "number": "87"}, {"text": "crude oil price trends ", "number": "88"}, {"text": "\"downstream\" investments opec member states ", "number": "89"}, {"text": "data proven reserves oil & natural gas ", "number": "90"}, {"text": "us army acquisition advanced weapons systems ", "number": "91"}, {"text": "international military equipment sales ", "number": "92"}, {"text": "backing does national rifle association ", "number": "93"}, {"text": "computer-aided crime ", "number": "94"}, {"text": "computer-aided crime detection ", "number": "95"}, {"text": "computer-aided medical diagnosis ", "number": "96"}, {"text": "fiber optics applications ", "number": "97"}, {"text": "fiber optics equipment manufacturers ", "number": "98"}, {"text": "iran-contra affair ", "number": "99"}, {"text": "controlling transfer high technology ", "number": "100"}, {"text": "design \"star wars\" anti-missile defense system ", "number": "101"}, {"text": "laser research applicable us's strategic defense ", "number": "102"}, {"text": "welfare reform ", "number": "103"}, {"text": "catastrophic health insurance ", "number": "104"}, {"text": "\"black monday\" ", "number": "105"}, {"text": "us control insider trading ", "number": "106"}, {"text": "japanese regulation insider trading ", "number": "107"}, {"text": "japanese protectionist measures ", "number": "108"}, {"text": "find innovative companies ", "number": "109"}, {"text": "black resistance against south african government ", "number": "110"}, {"text": "nuclear proliferation ", "number": "111"}, {"text": "funding biotechnology ", "number": "112"}, {"text": "new space satellite applications ", "number": "113"}, {"text": "non-commercial satellite launches ", "number": "114"}, {"text": "impact 1986 immigration law ", "number": "115"}, {"text": "generic drug substitutions ", "number": "116"}, {"text": "capacity us cellular telephone network ", "number": "117"}, {"text": "international terrorists ", "number": "118"}, {"text": "actions against international terrorists ", "number": "119"}, {"text": "economic impact international terrorism ", "number": "120"}, {"text": "death cancer ", "number": "121"}, {"text": "rdt&e new cancer fighting drugs ", "number": "122"}, {"text": "research into & control carcinogens ", "number": "123"}, {"text": "alternatives traditional cancer therapies ", "number": "124"}, {"text": "anti-smoking actions government ", "number": "125"}, {"text": "medical ethics modern technology ", "number": "126"}, {"text": "us-ussr arms control agreements ", "number": "127"}, {"text": "privatization state assets ", "number": "128"}, {"text": "soviet spying us ", "number": "129"}, {"text": "jewish emigration us-ussr relations ", "number": "130"}, {"text": "mcdonnell douglas contracts military aircraft ", "number": "131"}, {"text": "\"stealth\" aircraft ", "number": "132"}, {"text": "hubble space telescope ", "number": "133"}, {"text": "human genome project ", "number": "134"}, {"text": "possible contributions gene mapping medicine ", "number": "135"}, {"text": "diversification pacific telesis ", "number": "136"}, {"text": "expansion us theme park industry ", "number": "137"}, {"text": "iranian support lebanese hostage-takers ", "number": "138"}, {"text": "iran's islamic revolution - domestic foreign social ", "number": "139"}, {"text": "political impact islamic fundamentalism ", "number": "140"}, {"text": "japan's handling trade surplus us ", "number": "141"}, {"text": "impact government regulated grain farming international ", "number": "142"}, {"text": "why protect us farmers? ", "number": "143"}, {"text": "management problems united nations ", "number": "144"}, {"text": "influence \"pro-israel lobby\" ", "number": "145"}, {"text": "negotiating end nicaraguan civil war ", "number": "146"}, {"text": "productivity trends us economy ", "number": "147"}, {"text": "conflict horn africa ", "number": "148"}, {"text": "industrial espionage ", "number": "149"}, {"text": "us political campaign financing ", "number": "150"}, {"text": "coping overcrowded prisons ", "number": "151"}, {"text": "accusations cheating contractors us defense projects ", "number": "152"}, {"text": "insurance coverage which pays long term care ", "number": "153"}, {"text": "oil spills ", "number": "154"}, {"text": "right wing christian fundamentalism us ", "number": "155"}, {"text": "efforts enact gun control legislation ", "number": "156"}, {"text": "causes treatments multiple sclerosis (ms) ", "number": "157"}, {"text": "term limitations members us congress ", "number": "158"}, {"text": "electric car development ", "number": "159"}, {"text": "vitamins - cure cause ", "number": "160"}, {"text": "acid rain ", "number": "161"}, {"text": "automobile recalls ", "number": "162"}, {"text": "vietnam veterans agent orange ", "number": "163"}, {"text": "generic drugs - illegal activities manufacturers ", "number": "164"}, {"text": "tobacco company advertising young ", "number": "165"}, {"text": "standardized testing cultural bias ", "number": "166"}, {"text": "regulation showing violence explicit ", "number": "167"}, {"text": "financing amtrak ", "number": "168"}, {"text": "cost garbage/trash removal ", "number": "169"}, {"text": "consequences implantation silicone gel ", "number": "170"}, {"text": "use mutual funds individual's ", "number": "171"}, {"text": "effectiveness medical products ", "number": "172"}, {"text": "smoking bans ", "number": "173"}, {"text": "hazardous waste cleanup ", "number": "174"}, {"text": "nra prevention gun control legislation ", "number": "175"}, {"text": "real-life private investigators ", "number": "176"}, {"text": "english official language us ", "number": "177"}, {"text": "dog maulings ", "number": "178"}, {"text": "u s restaurants foreign lands ", "number": "179"}, {"text": "ineffectiveness us embargoes/sanctions ", "number": "180"}, {"text": "abuse elderly family members, medical ", "number": "181"}, {"text": "commercial overfishing creates food fish deficit ", "number": "182"}, {"text": "asbestos related lawsuits ", "number": "183"}, {"text": "corporate pension plans/funds ", "number": "184"}, {"text": "reform us welfare system ", "number": "185"}, {"text": "difference learning levels among inner ", "number": "186"}, {"text": "signs demise independent publishing ", "number": "187"}, {"text": "beachfront erosion ", "number": "188"}, {"text": "real motives murder ", "number": "189"}, {"text": "instances fraud involving use computer ", "number": "190"}, {"text": "efforts improve us schooling ", "number": "191"}, {"text": "oil spill cleanup ", "number": "192"}, {"text": "toys r dangerous ", "number": "193"}, {"text": "amount money earned writers ", "number": "194"}, {"text": "stock market perturbations attributable ", "number": "195"}, {"text": "school choice voucher system effects ", "number": "196"}, {"text": "reform jurisprudence system ", "number": "197"}, {"text": "gene therapy benefits ", "number": "198"}, {"text": "legality medically assisted suicides ", "number": "199"}, {"text": "impact foreign textile imports us ", "number": "200"}]}
